id,first_name,last_name,email,gender,age,phone
1,Courtney,Tailby,ctailby0@flickr.com,Non-binary,21,673-141-5688
2,Ame,Simonyi,asimonyi1@sciencedirect.com,Female,36,723-463-5928
3,Sanderson,Nolan,snolan2@sohu.com,Male,30,873-799-0482
4,Sonja,Ackermann,sackermann3@mail.ru,Female,29,698-190-7931
5,Algernon,Celloni,acelloni4@gravatar.com,Male,27,232-506-8452
6,Charmaine,Fenn,cfenn5@phpbb.com,Female,22,597-484-1537
7,Ericka,Reboul,ereboul6@etsy.com,Female,53,913-420-6512
8,Ezmeralda,Zecchi,ezecchi7@geocities.jp,Female,19,194-758-9236
9,Melvyn,Colles,mcolles8@dell.com,Male,21,696-571-1157
10,Adey,Quadri,aquadri9@abc.net.au,Female,36,855-962-5480
11,Jess,Bollini,jbollinia@biblegateway.com,Male,49,647-910-5520
12,Zahara,Standing,zstandingb@techcrunch.com,Female,23,609-153-4974
13,Clayson,Elijah,celijahc@paypal.com,Male,53,353-890-9163
14,Nathalia,Grushin,ngrushind@jugem.jp,Female,40,564-249-4994
15,Heinrick,Duding,hdudinge@gizmodo.com,Male,42,859-518-8535
16,Willette,Veart,wveartf@techcrunch.com,Female,58,644-133-4342
17,Carey,Furber,cfurberg@techcrunch.com,Bigender,26,409-819-8729
18,Huntley,Condon,hcondonh@google.com.hk,Bigender,27,617-496-9446
19,Nollie,Batchan,nbatchani@utexas.edu,Male,58,859-185-5899
20,Fee,Napier,fnapierj@scientificamerican.com,Male,38,622-607-8003
21,Damara,Craigg,dcraiggk@yolasite.com,Female,45,481-906-0875
22,Svend,Kersley,skersleyl@salon.com,Male,21,837-481-9453
23,Granger,Vecard,gvecardm@washingtonpost.com,Male,26,111-995-5784
24,Nev,Kroin,nkroinn@usda.gov,Male,58,662-230-6198
25,Vitia,Ketchaside,vketchasideo@lycos.com,Female,44,547-507-0848
26,Jesse,Kluge,jklugep@yellowpages.com,Female,57,997-772-3464
27,Billie,Swallwell,bswallwellq@reuters.com,Female,58,548-407-7478
28,Kasey,D'Ambrosio,kdambrosior@google.ru,Female,47,757-646-8780
29,Ladonna,Ridd,lridds@blinklist.com,Female,45,175-800-8049
30,Aurelie,Blackboro,ablackborot@fastcompany.com,Female,45,106-974-0672
31,Gerrard,Enrico,genricou@devhub.com,Male,31,539-922-7767
32,Karalynn,Thewys,kthewysv@cargocollective.com,Female,56,670-236-9313
33,Vanya,Rawlins,vrawlinsw@google.co.uk,Male,24,848-613-0616
34,Tim,Chartman,tchartmanx@mac.com,Male,50,314-995-0279
35,Arther,Penright,apenrighty@list-manage.com,Male,21,940-497-6751
36,Gianina,Plues,gpluesz@netvibes.com,Genderfluid,55,247-274-3627
37,Faythe,Kilmurry,fkilmurry10@un.org,Non-binary,33,144-564-4454
38,Karlis,Frany,kfrany11@plala.or.jp,Male,55,623-181-9139
39,Caro,Eddowis,ceddowis12@yahoo.co.jp,Female,31,153-373-8368
40,Laurens,Llorens,lllorens13@google.cn,Male,18,857-538-3561
41,Rad,Pithcock,rpithcock14@deliciousdays.com,Bigender,51,901-191-2302
42,Ludovika,Sictornes,lsictornes15@google.pl,Female,33,113-632-0400
43,Joyce,Biddleston,jbiddleston16@wikimedia.org,Female,41,774-683-7500
44,Lilith,Rawsthorn,lrawsthorn17@tmall.com,Female,47,643-536-0607
45,Tailor,Ledner,tledner18@dmoz.org,Male,52,452-589-9452
46,Obie,Sabathier,osabathier19@tinyurl.com,Male,34,762-104-3882
47,Eva,Leijs,eleijs1a@yolasite.com,Non-binary,23,484-518-7481
48,Allis,Carrington,acarrington1b@scribd.com,Female,51,917-506-3703
49,Maggie,Jenkins,mjenkins1c@issuu.com,Female,53,824-827-2744
50,Hendrik,Sondland,hsondland1d@canalblog.com,Male,58,264-765-3418
51,Allistir,Burras,aburras1e@discuz.net,Genderfluid,52,184-783-0263
52,Ryann,Skerman,rskerman1f@ask.com,Female,33,301-509-3812
53,Blakelee,McArd,bmcard1g@umich.edu,Female,41,620-776-9087
54,Eydie,Rosendall,erosendall1h@sogou.com,Female,19,628-615-1968
55,Casey,Younger,cyounger1i@barnesandnoble.com,Male,19,269-461-6755
56,Neysa,Hintzer,nhintzer1j@wikipedia.org,Female,48,273-341-8780
57,Karlene,Gouge,kgouge1k@wunderground.com,Female,47,146-549-2998
58,Maurita,Stallard,mstallard1l@goodreads.com,Female,57,628-767-5775
59,Alexio,Blackleech,ablackleech1m@loc.gov,Male,54,171-284-0052
60,Marguerite,McAdam,mmcadam1n@prnewswire.com,Female,56,174-921-8096
61,Jarrett,Mosedale,jmosedale1o@phoca.cz,Male,47,519-385-3960
62,Nichole,Clyburn,nclyburn1p@state.gov,Female,54,573-322-0918
63,Pearl,Bilston,pbilston1q@mlb.com,Genderqueer,46,710-377-4987
64,Tedra,Cornillot,tcornillot1r@fotki.com,Female,26,168-923-4161
65,Nora,Booy,nbooy1s@cpanel.net,Female,55,289-975-8149
66,Cathryn,Gambell,cgambell1t@imageshack.us,Female,40,816-791-0208
67,Amalea,Feary,afeary1u@engadget.com,Female,41,874-446-0158
68,Turner,Pimbley,tpimbley1v@uiuc.edu,Male,39,585-957-2963
69,Rosalyn,Wimmers,rwimmers1w@bravesites.com,Female,51,447-443-2092
70,Artemis,Longfield,alongfield1x@arstechnica.com,Male,31,514-923-0969
71,Blaire,Beaument,bbeaument1y@yolasite.com,Female,32,173-473-8550
72,Allin,Ticksall,aticksall1z@github.com,Male,18,126-269-6538
73,Reynolds,Costin,rcostin20@cisco.com,Male,29,969-945-5934
74,Chester,Duncan,cduncan21@techcrunch.com,Male,37,859-529-5796
75,Pamela,Tratton,ptratton22@weebly.com,Female,39,735-743-3861
76,Christiano,Dunnico,cdunnico23@skype.com,Male,23,585-407-0001
77,Louie,Gainfort,lgainfort24@bloglovin.com,Male,56,394-912-1217
78,Leupold,Rizzo,lrizzo25@tinyurl.com,Male,36,146-358-3642
79,Vikki,Crosfeld,vcrosfeld26@posterous.com,Genderfluid,37,630-237-8961
80,Cecil,Edmondson,cedmondson27@state.tx.us,Female,34,124-510-1186
81,Elisabeth,Morgen,emorgen28@wikipedia.org,Female,51,180-723-9844
82,Rochester,Dunham,rdunham29@wikia.com,Male,18,876-611-7508
83,Peyton,While,pwhile2a@blogspot.com,Male,50,175-583-8564
84,Ardyce,Hargitt,ahargitt2b@aboutads.info,Female,31,706-726-6704
85,Garrot,Moohan,gmoohan2c@paginegialle.it,Male,48,575-748-2903
86,Dorian,Rothman,drothman2d@dailymotion.com,Female,55,399-903-8971
87,Florry,Palser,fpalser2e@mapy.cz,Female,53,786-443-3507
88,Yolane,Medcalf,ymedcalf2f@statcounter.com,Female,18,784-265-7806
89,Leann,Debrick,ldebrick2g@dailymotion.com,Female,55,422-864-5571
90,Lynda,McVeagh,lmcveagh2h@jigsy.com,Female,30,912-842-8600
91,Riannon,McClary,rmcclary2i@behance.net,Female,32,391-874-1694
92,Opalina,Brizland,obrizland2j@list-manage.com,Female,47,805-205-2723
93,Cindra,Bolle,cbolle2k@infoseek.co.jp,Agender,23,448-346-7061
94,Dacie,Roome,droome2l@cafepress.com,Female,47,148-384-1157
95,Myrtle,Martini,mmartini2m@pagesperso-orange.fr,Female,22,943-522-5446
96,Tasha,Balk,tbalk2n@blogtalkradio.com,Bigender,29,258-966-7865
97,Bette,Jentgens,bjentgens2o@ebay.co.uk,Female,38,448-155-2491
98,Desi,Kensy,dkensy2p@gov.uk,Male,32,690-271-7480
99,Fred,Hachette,fhachette2q@mayoclinic.com,Male,34,683-163-9399
100,Cody,Delong,cdelong2r@nifty.com,Female,37,602-611-2744
101,Roseline,Willan,rwillan2s@goo.ne.jp,Female,55,686-324-0331
102,Marthena,Sokell,msokell2t@bbb.org,Female,47,562-447-0794
103,Dionysus,Ferry,dferry2u@blogtalkradio.com,Male,38,601-914-1548
104,Holly,Batey,hbatey2v@java.com,Male,53,698-730-9330
105,Andee,Pickring,apickring2w@hexun.com,Female,45,266-185-4427
106,Crista,Sotheby,csotheby2x@sina.com.cn,Female,56,929-881-4032
107,Myrah,Axtell,maxtell2y@google.ca,Female,34,211-904-5118
108,Ferdinande,Hastin,fhastin2z@skype.com,Female,47,679-118-6694
109,Udell,Vasilevich,uvasilevich30@ifeng.com,Male,30,970-725-4292
110,Patsy,Sampson,psampson31@yale.edu,Female,58,924-858-5931
111,Gabriel,Brockbank,gbrockbank32@de.vu,Male,25,644-724-9977
112,Armand,Dixon,adixon33@i2i.jp,Male,37,960-363-6797
113,Garry,Maier,gmaier34@behance.net,Male,50,585-974-2057
114,Babb,Lytton,blytton35@alexa.com,Female,19,238-906-4204
115,Farley,Decker,fdecker36@google.com.au,Male,29,322-784-5520
116,Edita,Edgar,eedgar37@noaa.gov,Female,50,723-225-1008
117,Agustin,Hampshaw,ahampshaw38@nytimes.com,Male,41,275-123-5882
118,Darb,Sweatland,dsweatland39@reddit.com,Female,52,156-722-5653
119,Peder,Sheeran,psheeran3a@livejournal.com,Genderfluid,21,332-245-1979
120,Yettie,Cobelli,ycobelli3b@issuu.com,Female,32,790-594-6672
121,Janean,Breyt,jbreyt3c@histats.com,Female,35,795-319-4468
122,Tessy,Kobierski,tkobierski3d@un.org,Female,57,825-956-2553
123,Mikey,Boler,mboler3e@reference.com,Male,36,112-465-8637
124,Iormina,Shepherdson,ishepherdson3f@mozilla.com,Female,20,743-697-9049
125,Berenice,Griggs,bgriggs3g@pagesperso-orange.fr,Female,43,190-970-9475
126,Markus,Middas,mmiddas3h@parallels.com,Male,47,565-105-1400
127,Hastie,Castaneda,hcastaneda3i@cafepress.com,Male,22,613-480-1931
128,Calypso,Todman,ctodman3j@prlog.org,Female,20,364-697-2399
129,Mano,Vader,mvader3k@nature.com,Male,42,976-591-4747
130,Mendie,Tropman,mtropman3l@amazon.com,Male,32,387-298-4005
131,Hephzibah,Rolance,hrolance3m@wufoo.com,Female,54,979-758-6736
132,Beniamino,Pankettman,bpankettman3n@netvibes.com,Male,40,529-523-5606
133,Case,Vatcher,cvatcher3o@merriam-webster.com,Non-binary,33,165-924-1059
134,Lisha,Buxton,lbuxton3p@un.org,Female,52,122-634-9881
135,Adah,Moncreif,amoncreif3q@squarespace.com,Female,29,469-893-3370
136,Moise,Burkinshaw,mburkinshaw3r@google.nl,Male,30,275-809-3157
137,Othella,Greenset,ogreenset3s@addthis.com,Female,35,191-679-3392
138,Obie,Oddie,ooddie3t@creativecommons.org,Male,48,558-222-5576
139,Beale,Scarrott,bscarrott3u@narod.ru,Male,29,223-194-0770
140,Gauthier,Gooddy,ggooddy3v@tinypic.com,Male,34,811-923-7598
141,Ethyl,Hinze,ehinze3w@liveinternet.ru,Female,50,430-487-3943
142,Gerald,McCarlich,gmccarlich3x@mediafire.com,Male,21,276-542-4451
143,Charmane,Greenfield,cgreenfield3y@java.com,Female,38,740-368-9203
144,Ailina,Tetther,atetther3z@printfriendly.com,Female,48,602-694-9872
145,Dian,Letson,dletson40@discuz.net,Female,44,595-888-9739
146,Fons,Richel,frichel41@instagram.com,Male,21,358-197-0785
147,Sauveur,Polye,spolye42@wsj.com,Polygender,20,712-552-4208
148,Lind,Ebunoluwa,lebunoluwa43@360.cn,Female,25,361-918-2031
149,Virginia,Armstead,varmstead44@lycos.com,Female,48,665-865-1288
150,Griffith,Northing,gnorthing45@accuweather.com,Male,47,728-841-8716
151,Cheston,Pietranek,cpietranek46@seesaa.net,Male,30,630-562-7004
152,Keelby,Jandak,kjandak47@wikispaces.com,Bigender,34,261-240-1324
153,Elisabeth,Skain,eskain48@seesaa.net,Female,35,411-914-2035
154,Ferdinanda,Gwilliam,fgwilliam49@theatlantic.com,Female,19,622-489-1244
155,Emilia,Ferruzzi,eferruzzi4a@independent.co.uk,Female,53,292-748-0473
156,Brigitte,Littrik,blittrik4b@dell.com,Female,49,223-254-2980
157,Delmor,Virr,dvirr4c@blog.com,Male,21,676-264-2298
158,Kelcie,McQueen,kmcqueen4d@apple.com,Female,37,438-615-4548
159,Kelwin,Blunden,kblunden4e@youtu.be,Male,28,677-214-8519
160,Tobin,Courteney,tcourteney4f@xrea.com,Male,49,353-547-0774
161,Taber,Georghiou,tgeorghiou4g@oaic.gov.au,Male,48,521-228-7373
162,Josy,Gritten,jgritten4h@nhs.uk,Female,21,774-848-1707
163,Tybie,Extal,textal4i@cnbc.com,Female,39,688-284-7296
164,Jerrie,Hevey,jhevey4j@theguardian.com,Male,46,607-441-7918
165,Salli,O'Malley,somalley4k@princeton.edu,Genderqueer,23,969-674-7942
166,Andrei,Mc-Kerley,amckerley4l@noaa.gov,Female,35,763-979-4230
167,Ransell,Swindles,rswindles4m@ucoz.com,Male,38,987-717-3871
168,Giustino,Jenoure,gjenoure4n@flickr.com,Male,47,798-409-0988
169,Germain,Peizer,gpeizer4o@addtoany.com,Female,26,982-725-8636
170,Oliver,Hutchinson,ohutchinson4p@irs.gov,Male,45,789-103-3741
171,Sher,Allder,sallder4q@seesaa.net,Female,27,345-183-0490
172,Bard,Junkison,bjunkison4r@ucoz.ru,Male,52,368-311-6415
173,Brande,Mahaddy,bmahaddy4s@seattletimes.com,Female,26,330-217-3000
174,Averil,Patemore,apatemore4t@wikia.com,Bigender,48,849-234-1025
175,Fee,Loges,floges4u@ucoz.com,Male,55,415-995-5235
176,Gothart,Dumberell,gdumberell4v@tinyurl.com,Male,43,698-498-0784
177,Ab,Thulborn,athulborn4w@comcast.net,Male,40,938-662-6552
178,Brigham,Quidenham,bquidenham4x@tripadvisor.com,Male,49,686-449-7033
179,Madonna,Stonebridge,mstonebridge4y@webmd.com,Female,42,449-428-8987
180,Emma,Trevethan,etrevethan4z@tuttocitta.it,Female,22,217-146-4948
181,Mela,Freeborne,mfreeborne50@xing.com,Female,33,172-200-9154
182,Onfre,Dearnley,odearnley51@blogtalkradio.com,Male,38,106-804-1373
183,Carlo,Pietersen,cpietersen52@qq.com,Male,48,662-120-1806
184,Abelard,Foltin,afoltin53@cnbc.com,Male,20,570-690-5582
185,Ilise,Inkles,iinkles54@boston.com,Female,30,347-925-3923
186,Franchot,Bortolotti,fbortolotti55@163.com,Non-binary,42,830-414-0153
187,Mame,Deane,mdeane56@wordpress.org,Female,40,575-188-8305
188,Nobe,Darnell,ndarnell57@tiny.cc,Male,18,320-662-6154
189,Bee,Hiddsley,bhiddsley58@smh.com.au,Female,47,350-405-7997
190,Ronalda,Island,risland59@theguardian.com,Female,34,321-739-0008
191,Christin,Meeks,cmeeks5a@webeden.co.uk,Female,37,258-695-9374
192,Gilles,Whittick,gwhittick5b@gmpg.org,Male,20,686-599-3741
193,Albert,Orro,aorro5c@illinois.edu,Male,38,783-378-7045
194,Ansell,Corneliussen,acorneliussen5d@marketwatch.com,Male,25,645-147-4540
195,Trevar,Thorowgood,tthorowgood5e@dyndns.org,Male,33,314-278-5991
196,Karena,Rubenchik,krubenchik5f@samsung.com,Female,23,702-376-9958
197,Humfrey,Lampens,hlampens5g@pagesperso-orange.fr,Male,57,663-956-4518
198,Klement,Witsey,kwitsey5h@abc.net.au,Genderqueer,32,856-382-9047
199,Yancy,Klimshuk,yklimshuk5i@upenn.edu,Male,23,611-433-5120
200,Glenna,Sommerscales,gsommerscales5j@imageshack.us,Female,29,658-972-8493
201,Markos,Christy,mchristy5k@bizjournals.com,Male,42,954-432-9550
202,Ida,Pieroni,ipieroni5l@skyrock.com,Female,55,416-654-3352
203,Sadie,Bockings,sbockings5m@t.co,Female,30,698-282-9424
204,Berkie,Suggett,bsuggett5n@people.com.cn,Male,32,194-538-9210
205,Lynette,Stalf,lstalf5o@unblog.fr,Female,33,643-478-7723
206,Raimundo,Ohrt,rohrt5p@a8.net,Male,53,434-330-4129
207,Ulrika,Whitrod,uwhitrod5q@newsvine.com,Female,47,105-257-7623
208,Micheil,Faulo,mfaulo5r@japanpost.jp,Male,28,996-732-6397
209,Ilka,Zorzoni,izorzoni5s@bing.com,Female,41,377-230-7907
210,Donaugh,Le feuvre,dlefeuvre5t@princeton.edu,Genderfluid,39,591-491-3606
211,Kiersten,Langrick,klangrick5u@blogger.com,Female,54,297-446-7863
212,Essa,Raveau,eraveau5v@wikipedia.org,Female,55,583-619-1532
213,Jerrilee,Attac,jattac5w@github.io,Polygender,58,814-865-4633
214,Hanson,Cosham,hcosham5x@sun.com,Male,32,551-639-8905
215,Karyn,Keld,kkeld5y@unblog.fr,Female,27,141-738-0113
216,Nolly,Mughal,nmughal5z@mashable.com,Male,23,861-922-0061
217,Biddie,Pohls,bpohls60@washington.edu,Female,20,796-335-8794
218,Urbain,Shoemark,ushoemark61@wunderground.com,Male,49,973-506-5524
219,Giuditta,Lumly,glumly62@miibeian.gov.cn,Female,40,202-457-3019
220,Kearney,Cowen,kcowen63@t-online.de,Male,28,865-163-4577
221,Damien,Rosenbush,drosenbush64@ucsd.edu,Male,44,201-422-0334
222,Ula,Oakeby,uoakeby65@yellowbook.com,Female,26,200-653-8056
223,Nicolai,Brislan,nbrislan66@qq.com,Male,43,585-755-5520
224,Ettore,Dixie,edixie67@omniture.com,Male,46,843-198-1744
225,Nancie,Weatherby,nweatherby68@weibo.com,Female,27,147-622-1582
226,Gaile,Bithell,gbithell69@about.me,Male,34,280-590-1538
227,Winny,Mattocks,wmattocks6a@w3.org,Female,28,309-399-6960
228,Emlen,Champagne,echampagne6b@scribd.com,Male,31,974-231-7146
229,Husein,Gregoli,hgregoli6c@dailymail.co.uk,Male,19,510-469-0880
230,Gustavo,Bilbrook,gbilbrook6d@lycos.com,Male,47,594-451-9259
231,Audie,Trevaskis,atrevaskis6e@yale.edu,Female,47,620-505-7738
232,Cherlyn,Wollen,cwollen6f@tamu.edu,Female,30,987-415-3743
233,Cosette,Finicj,cfinicj6g@nydailynews.com,Genderfluid,19,492-444-7418
234,Elwyn,Willcott,ewillcott6h@latimes.com,Male,53,511-110-0485
235,Trish,Capstake,tcapstake6i@thetimes.co.uk,Female,45,762-405-4493
236,Tarah,Gamlin,tgamlin6j@guardian.co.uk,Bigender,52,235-905-9372
237,Noah,Stennet,nstennet6k@desdev.cn,Male,35,582-703-0832
238,Toiboid,Dawltrey,tdawltrey6l@dailymotion.com,Genderqueer,42,821-473-3461
239,Sonnnie,Blesli,sblesli6m@newsvine.com,Female,53,535-290-6922
240,Carr,Hysom,chysom6n@nbcnews.com,Male,50,895-984-7278
241,Hetti,Wigan,hwigan6o@about.me,Female,42,653-482-8748
242,Isidora,Doogood,idoogood6p@google.es,Female,30,742-864-2573
243,Rafaelita,Lucien,rlucien6q@google.com.au,Female,23,431-561-5907
244,Hollie,Croxall,hcroxall6r@google.nl,Female,21,886-875-2334
245,Gerrie,Hannaford,ghannaford6s@i2i.jp,Female,56,137-222-1674
246,Kellia,Phippen,kphippen6t@go.com,Female,32,662-698-4663
247,Matilda,Mollin,mmollin6u@ifeng.com,Female,27,152-839-5103
248,Seumas,Cottrell,scottrell6v@who.int,Male,41,369-533-6971
249,Nickolaus,Eaddy,neaddy6w@admin.ch,Male,45,462-443-7078
250,Phoebe,Tembey,ptembey6x@printfriendly.com,Female,53,508-859-7220
251,Odille,Camous,ocamous6y@bbc.co.uk,Polygender,54,588-114-4862
252,Zane,Rosier,zrosier6z@studiopress.com,Male,27,255-740-7617
253,Vladamir,Nowakowska,vnowakowska70@engadget.com,Non-binary,43,410-395-1240
254,Conchita,Pesterfield,cpesterfield71@jalbum.net,Female,31,474-558-7755
255,Even,Cundey,ecundey72@123-reg.co.uk,Male,56,576-573-6987
256,Willy,Koppke,wkoppke73@canalblog.com,Male,22,237-376-6823
257,Kristen,Trematick,ktrematick74@slideshare.net,Female,51,343-355-6839
258,Horten,MacNucator,hmacnucator75@wp.com,Male,39,611-303-6322
259,Roderick,Gricks,rgricks76@quantcast.com,Male,33,450-781-2954
260,Matilda,Menlow,mmenlow77@weibo.com,Female,19,274-345-0457
261,Eddie,Johnsee,ejohnsee78@icq.com,Female,29,790-104-3532
262,Lorie,Salman,lsalman79@ox.ac.uk,Bigender,46,606-314-3735
263,Raleigh,Sedworth,rsedworth7a@cafepress.com,Male,28,170-901-9764
264,Trey,Crowter,tcrowter7b@nymag.com,Male,53,902-215-7323
265,Bernadene,Panyer,bpanyer7c@marketwatch.com,Female,36,897-588-6891
266,Alvy,Worsley,aworsley7d@dropbox.com,Male,53,281-124-7847
267,Kermit,Burndred,kburndred7e@lulu.com,Male,32,662-916-5278
268,Dave,Carwithan,dcarwithan7f@shop-pro.jp,Male,46,249-409-3503
269,Ortensia,Stiant,ostiant7g@diigo.com,Bigender,27,264-910-3427
270,Ernesto,Foresight,eforesight7h@google.com.br,Male,49,236-588-7133
271,Ferdinanda,Haddy,fhaddy7i@cbc.ca,Female,25,522-964-2881
272,Roldan,McClymont,rmcclymont7j@nba.com,Male,50,978-126-5170
273,Reuven,Churcher,rchurcher7k@dailymotion.com,Male,51,537-709-6887
274,Patsy,Friman,pfriman7l@about.me,Genderfluid,45,270-792-3288
275,Dennie,Lander,dlander7m@hp.com,Agender,26,485-583-0114
276,Barnabe,Yeoman,byeoman7n@mozilla.org,Male,51,983-924-9733
277,Brooke,Yarrow,byarrow7o@prlog.org,Male,24,114-558-2416
278,Mozelle,Cromblehome,mcromblehome7p@nifty.com,Female,20,259-570-0980
279,Aggi,Mullin,amullin7q@usa.gov,Agender,28,185-707-3691
280,Brianne,Simecek,bsimecek7r@github.com,Female,38,904-127-0553
281,Alphonso,Rantoul,arantoul7s@github.com,Male,27,661-771-0293
282,Joanie,Breitling,jbreitling7t@t.co,Female,29,282-857-4130
283,Karin,De Ruggiero,kderuggiero7u@ameblo.jp,Female,24,488-313-8449
284,Tanney,Poltun,tpoltun7v@china.com.cn,Agender,52,990-253-9724
285,Arri,Garden,agarden7w@ed.gov,Male,56,511-749-2674
286,Donnie,Gaishson,dgaishson7x@cnbc.com,Male,18,463-259-1840
287,Rosalinda,Beranek,rberanek7y@home.pl,Female,51,902-726-3670
288,Bibbye,O'Shavlan,boshavlan7z@flickr.com,Female,19,948-834-1207
289,Dalli,Follacaro,dfollacaro80@latimes.com,Male,52,434-618-9259
290,Lita,Kennelly,lkennelly81@salon.com,Female,25,989-787-9477
291,Mirna,Brunone,mbrunone82@arizona.edu,Female,33,420-569-3088
292,Naomi,MacGauhy,nmacgauhy83@accuweather.com,Female,23,894-225-2173
293,Nara,Falco,nfalco84@unesco.org,Female,24,982-317-9988
294,Lynea,Abate,labate85@goodreads.com,Female,32,276-716-0230
295,Joya,Berntsson,jberntsson86@delicious.com,Female,31,657-754-8154
296,Daryle,Elnough,delnough87@feedburner.com,Male,37,134-187-5861
297,Mar,Dainty,mdainty88@dagondesign.com,Male,26,871-779-1804
298,Chlo,McLeary,cmcleary89@biglobe.ne.jp,Female,29,380-408-9736
299,Benita,Eborn,beborn8a@imdb.com,Female,41,641-852-0458
300,Dale,Pieter,dpieter8b@salon.com,Female,35,106-351-8160
301,Jacquette,Mannock,jmannock8c@sfgate.com,Female,19,978-644-3963
302,Elmira,Wasbey,ewasbey8d@baidu.com,Female,19,426-816-7908
303,Tonnie,McKim,tmckim8e@hud.gov,Male,33,231-956-7586
304,Ambrosi,Fewell,afewell8f@seesaa.net,Male,51,336-602-8351
305,John,Courtois,jcourtois8g@mysql.com,Male,44,545-802-0528
306,Paige,Haill,phaill8h@cdbaby.com,Male,40,557-835-9319
307,Flory,Eden,feden8i@slate.com,Male,58,986-498-6805
308,Margarette,Ledgister,mledgister8j@ocn.ne.jp,Female,42,338-380-2156
309,Debor,Foulger,dfoulger8k@ustream.tv,Agender,41,317-290-8396
310,Jannel,Jeffcock,jjeffcock8l@rediff.com,Female,24,484-325-1175
311,Lanae,Veelers,lveelers8m@tmall.com,Female,25,102-510-2978
312,Bay,Fusco,bfusco8n@geocities.com,Male,44,486-720-9468
313,Dore,Minor,dminor8o@google.cn,Female,54,920-733-6612
314,Jilly,Donnell,jdonnell8p@chron.com,Female,55,712-915-9214
315,Jennilee,Polye,jpolye8q@elegantthemes.com,Female,54,911-432-5854
316,Magda,Serot,mserot8r@yelp.com,Female,58,212-450-2987
317,Jacquelynn,Shackelton,jshackelton8s@state.gov,Female,49,917-272-3230
318,Tabbie,Henriquet,thenriquet8t@angelfire.com,Female,42,270-741-2981
319,Morse,Ferryman,mferryman8u@fc2.com,Male,54,736-254-7146
320,Adda,Alldritt,aalldritt8v@sourceforge.net,Female,24,233-409-9219
321,Shana,Ledwidge,sledwidge8w@qq.com,Female,21,680-669-6624
322,Caye,Whitby,cwhitby8x@zimbio.com,Female,34,264-264-5560
323,Fredia,Kaming,fkaming8y@t.co,Female,55,161-134-6950
324,Melonie,Scrafton,mscrafton8z@rambler.ru,Female,43,168-859-3654
325,Lynda,Giraudat,lgiraudat90@hugedomains.com,Female,53,609-707-7467
326,Fax,Patterfield,fpatterfield91@buzzfeed.com,Male,21,261-459-5615
327,Fancy,Saurat,fsaurat92@mapquest.com,Female,25,237-647-9492
328,Ulrikaumeko,Petrou,upetrou93@nasa.gov,Female,33,121-118-7013
329,Mady,Hellsdon,mhellsdon94@mlb.com,Female,35,214-858-1552
330,Flossie,Porte,fporte95@themeforest.net,Female,57,292-802-8278
331,Rafa,Moggach,rmoggach96@aboutads.info,Female,28,812-843-9935
332,Mike,Abad,mabad97@barnesandnoble.com,Male,45,705-855-8701
333,Gil,Bowkett,gbowkett98@aboutads.info,Male,57,297-246-7767
334,Fedora,Jandel,fjandel99@youtube.com,Female,25,664-983-4245
335,Arly,Mackleden,amackleden9a@jiathis.com,Female,48,311-574-2365
336,Nev,Theunissen,ntheunissen9b@smugmug.com,Male,54,745-423-6481
337,Caleb,Berntssen,cberntssen9c@sbwire.com,Agender,56,207-321-2312
338,Shandeigh,Cottier,scottier9d@nih.gov,Female,31,505-458-7613
339,Mag,Krop,mkrop9e@flickr.com,Female,42,287-819-4196
340,Arturo,Nelthorp,anelthorp9f@msn.com,Male,55,526-977-4394
341,Trstram,Fumagalli,tfumagalli9g@sina.com.cn,Polygender,18,759-585-5204
342,Ketti,Stooders,kstooders9h@domainmarket.com,Female,57,794-924-1060
343,Doretta,Brazener,dbrazener9i@etsy.com,Female,20,564-796-5302
344,Leona,Banstead,lbanstead9j@printfriendly.com,Female,27,143-470-3900
345,Rutger,Shakesbye,rshakesbye9k@fc2.com,Male,43,876-159-5433
346,Barnaby,Bitcheno,bbitcheno9l@edublogs.org,Male,46,405-360-8058
347,Kain,Aleavy,kaleavy9m@wunderground.com,Male,30,342-376-7361
348,Almeda,Vasilenko,avasilenko9n@posterous.com,Female,43,526-775-8025
349,Roosevelt,Heineking,rheineking9o@craigslist.org,Male,29,889-560-0993
350,Claudelle,Phizaclea,cphizaclea9p@barnesandnoble.com,Genderfluid,19,249-812-0347
351,Steward,Ziemke,sziemke9q@bravesites.com,Male,21,453-988-3825
352,Engelbert,Wigzell,ewigzell9r@shareasale.com,Polygender,31,420-166-3360
353,Yardley,Muddicliffe,ymuddicliffe9s@weibo.com,Male,20,223-284-6890
354,Cathee,Zotto,czotto9t@sogou.com,Female,42,313-787-0238
355,Lorry,Storkes,lstorkes9u@people.com.cn,Female,46,635-293-3120
356,Kerr,Boss,kboss9v@nydailynews.com,Male,46,191-956-9840
357,Clare,Clemson,cclemson9w@vkontakte.ru,Female,57,351-997-5998
358,Amabelle,Sambedge,asambedge9x@t.co,Female,32,338-463-4807
359,Carey,Jimes,cjimes9y@nasa.gov,Male,42,880-405-1911
360,Kennie,Burkwood,kburkwood9z@independent.co.uk,Agender,26,637-747-3109
361,Kelby,Duling,kdulinga0@kickstarter.com,Male,47,750-791-8862
362,Culley,Laban,clabana1@mozilla.org,Male,47,522-678-0291
363,Broderic,Catterick,bcattericka2@fastcompany.com,Male,54,139-692-6782
364,Rania,Stocking,rstockinga3@multiply.com,Polygender,47,821-451-9792
365,Binky,Jirek,bjireka4@utexas.edu,Male,31,115-958-8909
366,Zacherie,Ebbers,zebbersa5@foxnews.com,Male,19,710-966-0455
367,Norine,Kirkbride,nkirkbridea6@answers.com,Polygender,34,861-370-1950
368,Nikolos,Manntschke,nmanntschkea7@myspace.com,Male,22,241-138-8169
369,Taylor,Osband,tosbanda8@xrea.com,Male,37,365-771-2035
370,Liz,Fairham,lfairhama9@sfgate.com,Female,22,334-968-9519
371,Artemus,O' Dornan,aodornanaa@ycombinator.com,Male,22,152-104-1255
372,Bryn,Muslim,bmuslimab@java.com,Male,58,775-880-8731
373,Othelia,Knewstub,oknewstubac@storify.com,Female,40,803-653-1156
374,Darlleen,Sulley,dsulleyad@surveymonkey.com,Female,27,250-112-3427
375,Sholom,Cuddihy,scuddihyae@hhs.gov,Male,41,975-662-0464
376,Tailor,Lyttle,tlyttleaf@google.com.hk,Male,45,880-492-1368
377,Aleta,McLorinan,amclorinanag@netscape.com,Female,55,945-519-2271
378,Timothea,Sowerby,tsowerbyah@geocities.jp,Female,31,496-546-9092
379,Vincenty,Lukes,vlukesai@storify.com,Male,29,449-598-6521
380,Abba,Wardlow,awardlowaj@java.com,Male,20,497-271-5074
381,Fayre,Eastam,feastamak@ehow.com,Female,31,559-727-1302
382,Conni,Bichener,cbicheneral@w3.org,Female,40,589-114-6966
383,Wenonah,Chichgar,wchichgaram@clickbank.net,Female,40,325-134-0156
384,Geordie,Chrichton,gchrichtonan@ibm.com,Male,27,567-784-8677
385,Vincenty,Stooke,vstookeao@state.tx.us,Male,26,738-390-1383
386,Eartha,Tuffs,etuffsap@quantcast.com,Polygender,24,909-740-9371
387,Ted,Slocum,tslocumaq@hibu.com,Male,50,815-362-8334
388,Stephenie,Troy,stroyar@drupal.org,Female,50,104-521-6424
389,Olvan,Schruur,oschruuras@blog.com,Genderfluid,46,158-409-3370
390,Frederich,Ramsdell,framsdellat@t-online.de,Male,42,650-620-8487
391,Moina,Folan,mfolanau@cargocollective.com,Female,45,693-740-6134
392,Niels,McBay,nmcbayav@instagram.com,Agender,20,839-693-3809
393,Marijn,Di Biasi,mdibiasiaw@webnode.com,Male,32,540-397-1510
394,Meryl,MacGiffin,mmacgiffinax@nba.com,Male,52,389-532-3386
395,Junie,Loomes,jloomesay@wikipedia.org,Female,24,335-990-9101
396,Egon,St. Louis,estlouisaz@intel.com,Male,46,518-618-4417
397,Merrilee,Wrankling,mwranklingb0@1und1.de,Female,20,536-371-6778
398,Ainslee,Ruston,arustonb1@mashable.com,Female,41,496-102-1334
399,Sylvia,Gillard,sgillardb2@mac.com,Female,48,816-686-4567
400,Elke,Lichfield,elichfieldb3@istockphoto.com,Female,45,943-387-6235
401,Marlane,Grocott,mgrocottb4@sitemeter.com,Female,49,587-267-1222
402,Emlyn,Heinish,eheinishb5@scribd.com,Male,45,721-428-3569
403,Veronica,Hutchin,vhutchinb6@qq.com,Female,46,823-535-2466
404,Lowe,Barracks,lbarracksb7@amazon.com,Polygender,44,860-698-0116
405,Patrick,Fosdyke,pfosdykeb8@tuttocitta.it,Male,31,909-203-7814
406,Forster,Curtain,fcurtainb9@washingtonpost.com,Male,45,168-792-3037
407,Ludovika,Bridgett,lbridgettba@ameblo.jp,Polygender,18,652-514-0220
408,Issy,Francomb,ifrancombbb@1und1.de,Female,40,495-609-7925
409,Talyah,Slade,tsladebc@imdb.com,Female,56,944-365-7348
410,Adolphe,Ashbolt,aashboltbd@infoseek.co.jp,Male,22,937-315-7220
411,Devina,Dast,ddastbe@eepurl.com,Female,53,629-443-5371
412,Powell,Battie,pbattiebf@hc360.com,Male,21,653-467-5443
413,Jamal,Bidewel,jbidewelbg@columbia.edu,Agender,44,341-533-6793
414,Syman,Brick,sbrickbh@zimbio.com,Male,33,643-113-9298
415,Cathee,Morewood,cmorewoodbi@google.pl,Female,49,535-559-4078
416,Frederic,Munford,fmunfordbj@mashable.com,Male,23,717-932-6480
417,Melania,Behninck,mbehninckbk@list-manage.com,Female,58,303-353-1545
418,Doretta,Fley,dfleybl@google.com,Female,47,922-352-3273
419,Barton,Clausner,bclausnerbm@de.vu,Male,35,702-317-7434
420,Cora,Carpe,ccarpebn@last.fm,Female,53,925-242-9648
421,Francesco,Tofpik,ftofpikbo@mozilla.com,Male,44,939-780-4446
422,Ebeneser,Labuschagne,elabuschagnebp@com.com,Male,36,895-267-7744
423,Stefania,Marde,smardebq@dropbox.com,Female,22,272-763-2658
424,Des,Clayworth,dclayworthbr@dell.com,Male,33,186-809-9905
425,Wyatan,De la Perrelle,wdelaperrellebs@shareasale.com,Male,36,139-735-6087
426,Arlie,Ivanikov,aivanikovbt@mail.ru,Female,25,908-465-5599
427,Minny,Craythorne,mcraythornebu@free.fr,Agender,51,788-785-6187
428,Randolph,Sparshett,rsparshettbv@blog.com,Agender,25,586-711-7763
429,Damiano,Faustian,dfaustianbw@hostgator.com,Male,25,565-164-2164
430,Hermie,Piniur,hpiniurbx@mayoclinic.com,Male,29,621-595-9264
431,Alister,Skamal,askamalby@yahoo.co.jp,Male,20,556-951-6536
432,Ringo,Rioch,rriochbz@cbsnews.com,Male,52,220-883-7174
433,Bil,Smithe,bsmithec0@state.tx.us,Male,31,954-803-0942
434,Austina,Trevallion,atrevallionc1@china.com.cn,Female,37,818-852-8921
435,Rubetta,Panyer,rpanyerc2@marketwatch.com,Female,56,946-548-8018
436,Byrle,Hessay,bhessayc3@businesswire.com,Male,58,918-605-5695
437,Gwenore,Lippett,glippettc4@printfriendly.com,Female,47,817-337-2148
438,Kaitlin,Sulland,ksullandc5@mapquest.com,Female,39,196-573-6166
439,Arel,Tille,atillec6@msn.com,Male,54,777-450-5106
440,Luis,Boecke,lboeckec7@wikispaces.com,Male,24,365-398-8240
441,Breanne,Pursglove,bpursglovec8@linkedin.com,Female,40,159-159-1247
442,Melisenda,Edgson,medgsonc9@tinypic.com,Female,33,389-285-0822
443,Merl,Belitz,mbelitzca@g.co,Female,47,116-425-1734
444,Hildy,Mityushin,hmityushincb@soundcloud.com,Female,52,115-222-6430
445,Joete,Loidl,jloidlcc@bigcartel.com,Female,49,805-843-2894
446,Donavon,Losseljong,dlosseljongcd@nba.com,Male,50,453-720-3764
447,Edith,Bovingdon,ebovingdonce@tumblr.com,Female,44,288-907-1921
448,Zacharia,Rimmer,zrimmercf@house.gov,Male,48,362-520-3310
449,Salaidh,D'Angeli,sdangelicg@independent.co.uk,Female,18,741-458-1151
450,Katalin,Pheby,kphebych@wordpress.org,Female,22,196-909-2942
451,Karin,Sagg,ksaggci@dedecms.com,Female,29,889-552-3240
452,Tabbie,Van der Velden,tvanderveldencj@flavors.me,Male,57,123-302-6509
453,Elena,Rubenov,erubenovck@boston.com,Female,34,233-909-0021
454,Borg,Decroix,bdecroixcl@unicef.org,Agender,56,688-190-0298
455,Chrissie,Doudney,cdoudneycm@samsung.com,Female,35,809-217-5933
456,Tristam,Elgood,telgoodcn@comsenz.com,Male,29,620-620-5323
457,Gearard,Crut,gcrutco@nbcnews.com,Polygender,31,366-255-5979
458,Rudolf,Ancliffe,rancliffecp@prlog.org,Male,43,438-253-6954
459,Powell,Anslow,panslowcq@jalbum.net,Male,35,518-994-0459
460,Drew,Hanretty,dhanrettycr@wikipedia.org,Male,32,718-417-0602
461,Raye,Phifer,rphifercs@netlog.com,Female,22,908-562-6507
462,Chauncey,Meese,cmeesect@wordpress.org,Male,24,406-543-6751
463,Katina,Lithcow,klithcowcu@alibaba.com,Female,32,705-531-7757
464,Melita,Hedon,mhedoncv@dropbox.com,Female,57,665-651-8275
465,Zita,Gwillim,zgwillimcw@themeforest.net,Female,44,898-838-2884
466,Rustie,Skeete,rskeetecx@hao123.com,Agender,53,384-427-5906
467,Allister,Behan,abehancy@usa.gov,Male,48,117-172-7476
468,Doretta,Calliss,dcallisscz@usatoday.com,Female,25,732-622-1451
469,Ward,Gainseford,wgainsefordd0@i2i.jp,Male,49,844-884-3004
470,Alidia,Desborough,adesboroughd1@creativecommons.org,Polygender,36,482-666-0908
471,Gusti,Scruton,gscrutond2@rambler.ru,Female,39,764-965-6065
472,Tess,Ellwell,tellwelld3@webeden.co.uk,Agender,45,893-892-0159
473,Nadia,Gillivrie,ngillivried4@foxnews.com,Genderfluid,42,982-470-9426
474,Dinah,Sturdgess,dsturdgessd5@arstechnica.com,Female,39,437-794-3618
475,Nolana,Laroze,nlarozed6@163.com,Polygender,27,253-145-3896
476,Ardisj,Whitecross,awhitecrossd7@hibu.com,Female,51,531-358-1700
477,Murdoch,Barwood,mbarwoodd8@mysql.com,Male,33,135-485-2848
478,Lyn,Cluet,lcluetd9@guardian.co.uk,Male,51,930-436-2864
479,Gustavus,Hessentaler,ghessentalerda@redcross.org,Male,58,828-254-2386
480,Theodora,Francescotti,tfrancescottidb@dailymail.co.uk,Female,43,675-280-0699
481,Creight,Hazeldine,chazeldinedc@imdb.com,Male,41,903-122-8593
482,Cristina,Hiland,chilanddd@rediff.com,Female,41,140-928-7128
483,Matthiew,Ogilvie,mogilviede@nydailynews.com,Male,51,333-495-2977
484,Elsinore,Tomasicchio,etomasicchiodf@weather.com,Female,34,867-951-2586
485,Myrah,MacNalley,mmacnalleydg@cargocollective.com,Female,50,869-200-2779
486,Susie,Leeves,sleevesdh@tamu.edu,Female,34,132-411-3077
487,Lorne,Tire,ltiredi@is.gd,Female,57,754-849-0843
488,Larina,Maultby,lmaultbydj@shinystat.com,Female,32,264-949-3743
489,Kendre,Hessentaler,khessentalerdk@vistaprint.com,Female,47,135-222-9689
490,Gloria,Burkitt,gburkittdl@engadget.com,Female,55,764-355-4399
491,Arv,Godlip,agodlipdm@amazonaws.com,Male,39,680-500-5409
492,Andromache,Farahar,afarahardn@gnu.org,Female,28,867-365-3712
493,Brose,Ciccoloi,bciccoloido@cmu.edu,Male,51,124-730-9577
494,Sigfrid,O'Docherty,sodochertydp@springer.com,Male,50,714-190-8511
495,Jodi,Spohrmann,jspohrmanndq@examiner.com,Female,43,752-699-7415
496,Tawsha,Yvon,tyvondr@umn.edu,Female,28,521-475-9920
497,Lacie,Snoddon,lsnoddonds@mtv.com,Female,19,580-833-0630
498,Dacia,Strodder,dstrodderdt@posterous.com,Female,45,612-861-0526
499,Winifield,Hillburn,whillburndu@yahoo.com,Male,18,826-795-0256
500,Gusti,Caldera,gcalderadv@google.com.au,Female,29,803-448-3038
501,Farlay,Lemasney,flemasneydw@dion.ne.jp,Male,53,921-947-2146
502,Julie,Thompson,jthompsondx@ftc.gov,Male,21,324-358-1024
503,Elaina,Stadding,estaddingdy@engadget.com,Female,55,369-389-9737
504,Mara,Tolley,mtolleydz@vinaora.com,Female,54,586-817-9285
505,Leilah,Mathet,lmathete0@mtv.com,Female,53,966-291-5944
506,Eugen,Chaman,echamane1@pinterest.com,Male,54,368-791-5559
507,Ranice,Targe,rtargee2@booking.com,Female,34,372-125-3547
508,Alexio,Ranyell,aranyelle3@i2i.jp,Male,39,139-625-1149
509,Baxter,Halse,bhalsee4@senate.gov,Male,55,689-853-4301
510,Stavro,Leeburn,sleeburne5@t-online.de,Male,45,814-766-3395
511,Clywd,Frear,cfreare6@meetup.com,Male,23,382-514-3216
512,Nana,Crone,ncronee7@csmonitor.com,Genderfluid,31,659-355-8889
513,Lyman,Cleugher,lcleughere8@booking.com,Male,52,592-962-9647
514,Rafi,O'Hogertie,rohogertiee9@salon.com,Male,42,541-620-6735
515,Denice,Crispin,dcrispinea@moonfruit.com,Female,49,574-550-1872
516,Abner,Aslam,aaslameb@independent.co.uk,Non-binary,21,805-643-8369
517,Warden,Debenham,wdebenhamec@techcrunch.com,Male,29,372-710-3931
518,Ephrem,Emmett,eemmetted@mozilla.org,Male,56,886-297-8851
519,Emmie,Keuning,ekeuningee@nps.gov,Female,44,255-223-0538
520,Milly,Samart,msamartef@ustream.tv,Female,30,638-786-8001
521,Margalit,Bumphries,mbumphrieseg@patch.com,Female,45,787-243-8689
522,Farleigh,Murford,fmurfordeh@tripod.com,Non-binary,31,662-973-1109
523,Maury,Icom,micomei@aol.com,Male,56,124-208-2350
524,Cly,Sterrick,csterrickej@cocolog-nifty.com,Male,45,412-505-3720
525,Sinclair,Headrick,sheadrickek@eepurl.com,Male,57,115-278-9174
526,Raddie,Joron,rjoronel@squidoo.com,Male,47,202-494-2196
527,Zena,Snellman,zsnellmanem@springer.com,Female,48,863-776-7028
528,Tara,Deyenhardt,tdeyenhardten@cloudflare.com,Female,39,862-886-4357
529,Mable,Heliar,mheliareo@cnn.com,Female,44,280-364-8685
530,Noelle,Mapston,nmapstonep@nymag.com,Female,55,800-700-1232
531,Jay,Raleston,jralestoneq@blogspot.com,Male,49,960-567-9989
532,Amelia,Baldacco,abaldaccoer@disqus.com,Female,21,742-252-2224
533,Pasquale,Bernardin,pbernardines@ted.com,Male,27,189-664-7746
534,Patin,Milner,pmilneret@edublogs.org,Non-binary,51,330-151-2914
535,Estell,Heinschke,eheinschkeeu@ocn.ne.jp,Non-binary,38,830-916-3710
536,Clarinda,Sheen,csheenev@cpanel.net,Polygender,29,251-299-6241
537,Korney,Merrien,kmerrienew@devhub.com,Female,34,305-255-5656
538,Faun,Arnecke,farneckeex@chron.com,Female,58,317-743-6867
539,Billie,Swinfon,bswinfoney@prweb.com,Male,56,143-666-5471
540,Page,Fairhead,pfairheadez@amazon.co.uk,Male,21,855-518-0421
541,Homere,Danshin,hdanshinf0@freewebs.com,Male,54,308-924-0011
542,Marget,Draycott,mdraycottf1@xing.com,Female,36,647-681-5946
543,Ursola,Bussy,ubussyf2@so-net.ne.jp,Female,58,879-877-6527
544,Laureen,Renfield,lrenfieldf3@uiuc.edu,Female,38,932-625-9369
545,Waring,Willshire,wwillshiref4@zdnet.com,Male,18,262-316-7625
546,Welch,Oboy,woboyf5@topsy.com,Male,19,773-872-4925
547,Vilhelmina,Fochs,vfochsf6@state.tx.us,Agender,43,390-895-8653
548,Remus,Cochran,rcochranf7@hibu.com,Male,49,518-937-3995
549,Joe,Oldland,joldlandf8@sakura.ne.jp,Male,38,688-551-3260
550,Ira,Von Der Empten,ivonderemptenf9@hp.com,Male,48,637-235-2599
551,Hubie,Mankor,hmankorfa@macromedia.com,Male,49,252-289-4746
552,Guillemette,Mullett,gmullettfb@altervista.org,Female,33,101-877-5630
553,Lauri,Fairleigh,lfairleighfc@exblog.jp,Female,26,311-975-5591
554,Kalil,Iveson,kivesonfd@zimbio.com,Male,37,186-178-7634
555,Gordan,Pidgeley,gpidgeleyfe@princeton.edu,Male,22,862-394-5532
556,Mack,Lillo,mlilloff@freewebs.com,Male,46,461-423-4882
557,Lorelle,Carrell,lcarrellfg@columbia.edu,Female,34,298-693-2220
558,Raffarty,Parris,rparrisfh@instagram.com,Male,39,985-403-0994
559,Meade,Bridywater,mbridywaterfi@nbcnews.com,Male,30,338-224-7134
560,Abdel,Crosi,acrosifj@bigcartel.com,Male,34,252-967-7621
561,Stavros,Duckworth,sduckworthfk@miitbeian.gov.cn,Male,42,248-963-4746
562,Bram,Gammidge,bgammidgefl@storify.com,Male,23,237-976-9635
563,Wernher,Craister,wcraisterfm@house.gov,Male,46,582-924-2068
564,Deck,Lawrence,dlawrencefn@cam.ac.uk,Male,35,517-939-4560
565,Heywood,Reoch,hreochfo@histats.com,Male,48,133-509-9475
566,Aleda,Arenson,aarensonfp@people.com.cn,Female,45,645-715-2711
567,Camella,Weems,cweemsfq@blogs.com,Female,21,300-676-3919
568,Jaime,Moncarr,jmoncarrfr@geocities.com,Female,35,110-113-0715
569,Gaelan,Mapam,gmapamfs@cloudflare.com,Male,37,265-312-2414
570,Bren,Oxberry,boxberryft@mac.com,Male,53,328-495-9127
571,Ibbie,Ryle,irylefu@pcworld.com,Female,23,758-197-2888
572,Dimitry,Tassel,dtasselfv@sohu.com,Male,42,861-327-8277
573,Padraic,Elias,peliasfw@nifty.com,Male,23,587-244-0091
574,Laurella,Baily,lbailyfx@twitter.com,Female,55,337-231-9605
575,Carlie,Kuzma,ckuzmafy@bravesites.com,Female,20,896-212-7407
576,Wildon,Kohrs,wkohrsfz@privacy.gov.au,Male,53,808-332-1301
577,Dominick,Worssam,dworssamg0@tiny.cc,Male,33,779-176-1405
578,Ferguson,Sonner,fsonnerg1@shutterfly.com,Male,31,446-875-3828
579,Tonye,McCook,tmccookg2@cbslocal.com,Female,48,351-969-6360
580,Sanders,Leibold,sleiboldg3@epa.gov,Male,58,884-551-1154
581,Tonya,Dawkes,tdawkesg4@e-recht24.de,Female,23,126-114-3719
582,Maxwell,Faustian,mfaustiang5@cisco.com,Male,46,839-142-4654
583,Laina,Ryde,lrydeg6@meetup.com,Female,53,960-536-3807
584,Forrest,Bernardeau,fbernardeaug7@51.la,Male,38,217-298-9927
585,Kenton,Barniss,kbarnissg8@github.com,Male,22,337-407-0287
586,Hyatt,Egan,hegang9@sphinn.com,Male,23,465-381-3233
587,Mirabelle,Allsep,mallsepga@redcross.org,Non-binary,51,769-358-7922
588,Vanessa,Topling,vtoplinggb@biglobe.ne.jp,Female,46,537-107-1731
589,Rollo,Fosserd,rfosserdgc@nbcnews.com,Male,29,371-963-5446
590,Terrance,Lindwall,tlindwallgd@phoca.cz,Male,52,826-227-3677
591,Lin,McGarrity,lmcgarrityge@sogou.com,Female,52,985-343-7851
592,Florentia,Robken,frobkengf@goo.gl,Female,21,474-178-2325
593,Gustaf,Lakes,glakesgg@rakuten.co.jp,Male,42,133-488-7931
594,Hirsch,Ferriby,hferribygh@geocities.com,Male,28,618-764-5655
595,Kin,Guilliatt,kguilliattgi@theguardian.com,Male,19,591-423-5922
596,Eustacia,Radden,eraddengj@nasa.gov,Female,47,101-740-1796
597,Erasmus,Heinel,eheinelgk@icq.com,Male,53,382-798-4371
598,Onfre,Faucherand,ofaucherandgl@disqus.com,Male,40,102-405-5073
599,Towny,McGilben,tmcgilbengm@ask.com,Male,19,193-594-2738
600,Almeria,Cronkshaw,acronkshawgn@blog.com,Female,46,716-536-9579
601,Svend,Dye,sdyego@biblegateway.com,Male,43,349-144-2670
602,Byrle,Herrieven,bherrievengp@barnesandnoble.com,Male,20,581-100-2445
603,Sophey,Caunt,scauntgq@sbwire.com,Female,31,894-333-8593
604,Aeriela,Matzke,amatzkegr@rediff.com,Female,35,705-987-8007
605,Tine,McCrory,tmccrorygs@flavors.me,Female,28,771-999-8104
606,Averill,Ilden,aildengt@netlog.com,Male,36,893-523-6350
607,Thia,Roggieri,troggierigu@yandex.ru,Female,28,130-469-2627
608,Felizio,Beel,fbeelgv@prlog.org,Male,56,221-376-8505
609,Ali,Gribben,agribbengw@domainmarket.com,Male,38,490-448-8680
610,Willard,Ollington,wollingtongx@soundcloud.com,Male,38,992-556-9528
611,Lombard,Bly,lblygy@wufoo.com,Male,46,975-549-3630
612,Deane,Kainz,dkainzgz@indiegogo.com,Female,45,912-237-4935
613,Marin,Karolyi,mkarolyih0@prlog.org,Female,19,775-129-0384
614,Babbette,Kanwell,bkanwellh1@jugem.jp,Genderqueer,37,775-755-3446
615,Rock,Chrippes,rchrippesh2@nba.com,Polygender,39,553-656-7661
616,Iggy,Darinton,idarintonh3@sitemeter.com,Male,48,780-680-8933
617,Waldo,Iacovucci,wiacovuccih4@mysql.com,Male,32,402-293-7487
618,Rodrique,Ebertz,rebertzh5@ehow.com,Male,18,200-307-0841
619,Giustina,Offiler,goffilerh6@ft.com,Female,50,138-295-5865
620,Celeste,Idale,cidaleh7@yellowpages.com,Female,36,181-233-0914
621,Erskine,McClosh,emccloshh8@goo.ne.jp,Male,47,451-485-1144
622,Alfons,Beves,abevesh9@scribd.com,Male,54,948-555-2969
623,Freeman,Mussard,fmussardha@columbia.edu,Male,32,407-740-1142
624,Martie,Basilio,mbasiliohb@arizona.edu,Genderfluid,33,404-146-2759
625,Elbertina,Heads,eheadshc@lycos.com,Female,52,223-259-5250
626,Mayor,Ashpole,mashpolehd@ftc.gov,Male,45,918-486-6797
627,Franz,Farleigh,ffarleighhe@cargocollective.com,Male,47,340-198-3100
628,Gilberte,Haining,ghaininghf@csmonitor.com,Female,38,231-854-1348
629,Rosette,Waltering,rwalteringhg@freewebs.com,Female,28,358-497-5712
630,Felix,Jakubovics,fjakubovicshh@archive.org,Male,49,393-826-3264
631,Rudie,Snar,rsnarhi@mac.com,Male,45,517-248-8176
632,Reider,Janeczek,rjaneczekhj@engadget.com,Male,41,680-419-9478
633,Torrance,Norquoy,tnorquoyhk@google.pl,Polygender,31,795-289-9563
634,Mildred,Fawcett,mfawcetthl@shop-pro.jp,Female,53,692-967-3267
635,Isa,Welling,iwellinghm@google.co.jp,Female,20,234-201-5997
636,Eldredge,Kipping,ekippinghn@bravesites.com,Male,33,560-716-9182
637,Carlyle,McGilvray,cmcgilvrayho@smh.com.au,Male,48,734-157-6669
638,Deana,Stitfall,dstitfallhp@cdbaby.com,Female,39,804-796-0207
639,Hermon,Giordano,hgiordanohq@flavors.me,Male,22,124-616-8540
640,Tobi,Drewe,tdrewehr@yahoo.com,Female,28,618-738-1607
641,Yoko,Sorel,ysorelhs@facebook.com,Female,47,679-244-6859
642,Channa,Nevison,cnevisonht@berkeley.edu,Female,29,820-526-2210
643,Alon,Ion,aionhu@jigsy.com,Male,56,510-303-2611
644,Lainey,Bissiker,lbissikerhv@wiley.com,Female,20,334-595-4984
645,Rhodia,Spritt,rspritthw@google.fr,Non-binary,45,647-770-0499
646,Boot,Ruthven,bruthvenhx@123-reg.co.uk,Non-binary,23,725-451-4928
647,Lucio,Guilliland,lguillilandhy@gravatar.com,Male,41,365-178-6612
648,Buffy,Brabbs,bbrabbshz@lulu.com,Female,47,246-267-5353
649,Brigitte,Vedstra,bvedstrai0@nationalgeographic.com,Female,54,502-386-8856
650,Barnebas,Shew,bshewi1@deviantart.com,Male,29,844-336-7698
651,Valencia,Yorston,vyorstoni2@bizjournals.com,Female,57,457-103-5169
652,Ingrid,Peye,ipeyei3@ovh.net,Female,24,608-428-8090
653,Reade,Vallentine,rvallentinei4@de.vu,Male,41,809-346-2645
654,Brigida,Cockling,bcocklingi5@cnet.com,Female,18,156-449-5849
655,Turner,Knight,tknighti6@google.com.br,Male,33,808-266-3797
656,Abagael,Nicholes,anicholesi7@senate.gov,Polygender,39,202-953-0700
657,Timi,Murr,tmurri8@ucla.edu,Female,32,114-960-5654
658,Editha,Rickell,erickelli9@biglobe.ne.jp,Female,44,308-760-6925
659,Seamus,Strase,sstraseia@angelfire.com,Male,21,414-928-6384
660,Rey,Every,reveryib@usatoday.com,Male,45,343-771-5867
661,Simonne,Goldis,sgoldisic@shareasale.com,Female,26,739-901-1875
662,Karlis,Rego,kregoid@apache.org,Male,30,778-960-1428
663,Ashlen,Bails,abailsie@addtoany.com,Female,46,812-660-0336
664,Ciro,Van Eeden,cvaneedenif@nationalgeographic.com,Male,21,775-357-0268
665,Lincoln,Lippini,llippiniig@hubpages.com,Male,58,528-434-4257
666,Tiertza,Jendrys,tjendrysih@addthis.com,Female,44,635-746-7834
667,Danny,McLevie,dmclevieii@aboutads.info,Male,32,366-804-3024
668,Foster,Jedrzejczak,fjedrzejczakij@paginegialle.it,Male,41,414-846-2666
669,Carver,Desaur,cdesaurik@hc360.com,Male,53,681-589-3944
670,Celle,Jorgesen,cjorgesenil@amazon.de,Female,23,250-334-0654
671,Harold,Arthan,harthanim@sciencedaily.com,Male,58,364-514-4552
672,Josy,Littleover,jlittleoverin@scientificamerican.com,Female,44,542-603-3806
673,Willabella,Beresford,wberesfordio@aol.com,Female,56,530-681-4310
674,Loren,Blandford,lblandfordip@telegraph.co.uk,Male,47,348-870-0164
675,Verge,Balsillie,vbalsillieiq@clickbank.net,Male,24,155-225-5948
676,Idaline,Martine,imartineir@youtube.com,Female,22,120-324-5489
677,Carling,Yushachkov,cyushachkovis@360.cn,Male,29,822-960-5680
678,Abigail,Lindblad,alindbladit@i2i.jp,Female,30,329-863-9740
679,Denni,Aland,dalandiu@godaddy.com,Female,53,295-786-9170
680,Dieter,Mengo,dmengoiv@delicious.com,Male,21,284-201-3128
681,Sophi,Zipsell,szipselliw@dot.gov,Female,55,221-426-5745
682,Lorita,Dax,ldaxix@japanpost.jp,Female,23,578-555-2361
683,Bobinette,Yuill,byuilliy@auda.org.au,Female,43,765-299-3598
684,Kipper,Duffan,kduffaniz@npr.org,Male,52,466-914-1139
685,Angelia,Stitle,astitlej0@barnesandnoble.com,Female,20,921-975-5410
686,Jabez,Prandin,jprandinj1@t-online.de,Male,41,616-648-3938
687,Collette,O' Mahony,comahonyj2@godaddy.com,Female,33,880-878-4943
688,Alyss,Leveret,aleveretj3@xinhuanet.com,Female,33,270-277-7460
689,Chuck,Carrol,ccarrolj4@noaa.gov,Male,38,237-185-5459
690,Osbourn,Le Fevre,olefevrej5@oracle.com,Male,35,318-491-0036
691,Torr,Rushbury,trushburyj6@jimdo.com,Male,41,339-898-3695
692,Ewell,Pendrill,ependrillj7@telegraph.co.uk,Male,58,755-530-8324
693,Gan,Cotta,gcottaj8@virginia.edu,Male,53,650-792-3380
694,Prinz,Besnard,pbesnardj9@hc360.com,Male,33,515-978-8025
695,Merrily,Varker,mvarkerja@acquirethisname.com,Female,55,804-638-8297
696,Latisha,Petrolli,lpetrollijb@spotify.com,Agender,41,176-235-9389
697,Noll,O'Keevan,nokeevanjc@ycombinator.com,Male,41,720-812-5813
698,Amata,Gajownik,agajownikjd@topsy.com,Female,50,158-545-3920
699,Ulick,McSparran,umcsparranje@sphinn.com,Male,31,821-344-4055
700,Eduino,Stronghill,estronghilljf@angelfire.com,Male,34,486-807-6185
701,Abramo,Youster,ayousterjg@typepad.com,Male,36,968-477-1674
702,Vivie,Wardley,vwardleyjh@sphinn.com,Female,58,691-395-5518
703,Blanca,Venners,bvennersji@sphinn.com,Polygender,42,905-911-0535
704,Schuyler,Scading,sscadingjj@state.tx.us,Male,50,557-842-5695
705,Vivienne,Steer,vsteerjk@wix.com,Genderqueer,35,157-828-4329
706,Banky,Kunzel,bkunzeljl@hatena.ne.jp,Male,54,518-675-8443
707,Simonne,Warburton,swarburtonjm@is.gd,Female,42,984-941-4219
708,Kinna,Elger,kelgerjn@skype.com,Female,40,936-301-9793
709,Thurstan,Pestricke,tpestrickejo@linkedin.com,Male,36,588-827-8521
710,Martynne,Pedel,mpedeljp@bbb.org,Female,24,364-856-6549
711,Dick,Thunders,dthundersjq@elpais.com,Male,54,806-940-0486
712,Arturo,Giacobilio,agiacobiliojr@squidoo.com,Male,26,824-116-1741
713,Eryn,Kee,ekeejs@rediff.com,Female,50,516-692-9406
714,Demetria,Lindroos,dlindroosjt@amazonaws.com,Female,56,251-105-4745
715,Amos,Picken,apickenju@yandex.ru,Male,35,799-762-4177
716,Van,Fernanando,vfernanandojv@wired.com,Female,29,915-531-8558
717,Petra,Culleton,pculletonjw@youtube.com,Female,19,204-654-0675
718,Dinny,Riehm,driehmjx@xinhuanet.com,Female,49,559-645-4007
719,Sherri,Goracci,sgoraccijy@newsvine.com,Female,55,383-664-2132
720,Mabelle,Penreth,mpenrethjz@cnn.com,Female,43,206-449-2611
721,Cos,Bastard,cbastardk0@ibm.com,Male,29,745-585-2166
722,Hastie,Whistlecraft,hwhistlecraftk1@uol.com.br,Male,39,549-585-1875
723,Birdie,Spiniello,bspiniellok2@bbb.org,Genderfluid,40,187-489-2330
724,Midge,Tithecott,mtithecottk3@goo.gl,Female,21,582-630-6446
725,Roseline,Jirick,rjirickk4@amazon.com,Female,26,871-339-6068
726,Keene,Ranvoise,kranvoisek5@dailymail.co.uk,Male,35,418-317-7620
727,Fancie,Barnfield,fbarnfieldk6@youku.com,Female,32,752-937-5724
728,Wye,Needham,wneedhamk7@techcrunch.com,Male,55,791-121-1314
729,Kean,Ghiriardelli,kghiriardellik8@infoseek.co.jp,Male,47,101-496-6734
730,Reg,Fretwell,rfretwellk9@bizjournals.com,Male,45,137-505-2998
731,Fabio,Blondel,fblondelka@indiatimes.com,Male,48,210-422-8688
732,Gregorio,Siverns,gsivernskb@qq.com,Genderfluid,46,408-575-0956
733,Findlay,Shurrocks,fshurrockskc@dagondesign.com,Male,19,361-964-1663
734,Fredra,Rawlence,frawlencekd@craigslist.org,Female,36,905-531-9456
735,Nels,Yuille,nyuilleke@fotki.com,Male,49,879-374-7409
736,Lonna,Venable,lvenablekf@redcross.org,Female,37,325-491-5948
737,Susanna,Gainsburgh,sgainsburghkg@themeforest.net,Non-binary,34,387-468-3735
738,Forester,Cork,fcorkkh@reddit.com,Male,58,793-704-1525
739,Carolann,Bardill,cbardillki@facebook.com,Female,29,591-395-0989
740,Maximilianus,Holleworth,mholleworthkj@mediafire.com,Bigender,33,603-824-6287
741,Rustie,Broomer,rbroomerkk@cbsnews.com,Male,20,341-837-8872
742,Douglas,Vaadeland,dvaadelandkl@hexun.com,Male,43,417-414-8259
743,Irv,Balham,ibalhamkm@census.gov,Male,26,405-564-0734
744,Northrop,Wisniewski,nwisniewskikn@state.gov,Male,58,165-408-3107
745,Gilburt,De Giorgio,gdegiorgioko@dot.gov,Male,47,870-525-6422
746,Blanch,Angliss,banglisskp@timesonline.co.uk,Female,34,553-117-1879
747,Marie-ann,Thornborrow,mthornborrowkq@mail.ru,Female,23,451-618-3977
748,Reba,Girod,rgirodkr@macromedia.com,Female,39,427-540-6088
749,Ingram,Biernat,ibiernatks@pagesperso-orange.fr,Male,30,100-777-0956
750,Melodee,Gotcher,mgotcherkt@joomla.org,Female,43,864-674-1124
751,D'arcy,Rackham,drackhamku@elpais.com,Male,25,222-531-7711
752,Genovera,Sinott,gsinottkv@cocolog-nifty.com,Female,39,440-471-7886
753,Netta,Kleinber,nkleinberkw@ebay.com,Female,25,850-768-4440
754,Marsiella,Felix,mfelixkx@phoca.cz,Polygender,39,502-507-9367
755,Seumas,Board,sboardky@lulu.com,Male,25,674-613-7679
756,Wrennie,Ovington,wovingtonkz@taobao.com,Female,28,571-671-6894
757,Paten,Gorse,pgorsel0@ihg.com,Male,46,226-174-6562
758,Diane,Clementson,dclementsonl1@blogspot.com,Female,28,679-899-1557
759,Barbabas,Popescu,bpopescul2@sakura.ne.jp,Male,20,470-926-2971
760,Dyan,Ajean,dajeanl3@weather.com,Female,43,868-106-0962
761,Doria,Ladlow,dladlowl4@tinypic.com,Female,35,325-353-1835
762,Aylmer,Clayworth,aclayworthl5@google.com.br,Male,47,420-291-1217
763,Sapphire,Revely,srevelyl6@virginia.edu,Female,22,139-434-2295
764,Iona,Ingleby,iinglebyl7@last.fm,Female,25,824-369-4552
765,Aurelea,Thurling,athurlingl8@cafepress.com,Polygender,19,133-629-7513
766,Ermina,Brou,ebroul9@qq.com,Female,38,463-265-3021
767,Lesley,Peterffy,lpeterffyla@sbwire.com,Female,43,939-398-4505
768,Pooh,Etherson,pethersonlb@tmall.com,Female,23,308-315-1911
769,Frieda,Merrill,fmerrilllc@ihg.com,Female,49,261-241-2031
770,Jeffry,Barbera,jbarberald@ycombinator.com,Male,38,100-844-7881
771,Tripp,Murrish,tmurrishle@tinyurl.com,Male,43,905-463-6562
772,Milzie,Ashfield,mashfieldlf@usda.gov,Female,33,191-303-9587
773,Abra,Oles,aoleslg@google.ru,Female,23,533-898-6143
774,Gilberta,Dominichelli,gdominichellilh@webmd.com,Female,32,842-464-7913
775,Feliza,Whiffin,fwhiffinli@nba.com,Female,23,126-861-5594
776,Quint,Peert,qpeertlj@mit.edu,Male,49,162-199-4487
777,Inna,Ricoald,iricoaldlk@arstechnica.com,Female,19,635-682-4706
778,Tudor,Greensmith,tgreensmithll@shareasale.com,Male,46,173-910-5012
779,Erica,Cabane,ecabanelm@fotki.com,Female,34,780-732-6534
780,Dionis,Braxton,dbraxtonln@sciencedaily.com,Female,35,513-184-0790
781,Rosette,Hallworth,rhallworthlo@xing.com,Female,47,124-663-2279
782,Rubin,Riggulsford,rriggulsfordlp@state.tx.us,Male,18,400-570-3751
783,Cristin,Bowdrey,cbowdreylq@uiuc.edu,Female,50,287-503-1595
784,Oswell,Oldacres,ooldacreslr@aboutads.info,Male,30,990-805-0714
785,Chery,Duiguid,cduiguidls@walmart.com,Female,35,379-951-6171
786,Cassy,Puddifer,cpuddiferlt@ning.com,Polygender,27,325-236-6390
787,Gigi,Dodsworth,gdodsworthlu@discuz.net,Female,26,695-156-7321
788,Bruis,Synan,bsynanlv@homestead.com,Male,23,498-470-9810
789,Dudley,Shurville,dshurvillelw@is.gd,Male,43,461-139-5309
790,Jeromy,Brazear,jbrazearlx@clickbank.net,Male,23,574-604-7213
791,Lillis,Salmen,lsalmenly@ibm.com,Female,27,162-853-5089
792,Damara,Fforde,dffordelz@amazon.com,Bigender,22,760-706-1839
793,Melli,Shepcutt,mshepcuttm0@answers.com,Non-binary,18,774-536-8270
794,Reidar,Charker,rcharkerm1@dell.com,Non-binary,41,504-550-0991
795,Daffy,Slowgrove,dslowgrovem2@51.la,Female,38,229-101-3431
796,Brynn,Fullerd,bfullerdm3@1688.com,Female,21,806-172-0043
797,Trudy,Galbreth,tgalbrethm4@mozilla.com,Female,23,724-469-2902
798,Godwin,Gooding,ggoodingm5@weather.com,Male,30,703-274-0951
799,Lilah,O'Hingerty,lohingertym6@clickbank.net,Female,26,956-318-8315
800,Terrell,Vondracek,tvondracekm7@bbb.org,Male,31,856-169-9195
801,Iver,Dennis,idennism8@microsoft.com,Male,43,170-702-3949
802,Riobard,Hext,rhextm9@apache.org,Male,37,213-484-7410
803,Josiah,Frank,jfrankma@abc.net.au,Male,58,339-119-0912
804,Lorine,Martyntsev,lmartyntsevmb@usgs.gov,Genderfluid,45,837-595-1766
805,Coleen,Dykins,cdykinsmc@phoca.cz,Female,46,726-845-1936
806,Vonni,MacLleese,vmaclleesemd@printfriendly.com,Female,26,811-851-8341
807,Louis,Grigaut,lgrigautme@linkedin.com,Male,46,376-256-5903
808,Elene,Richford,erichfordmf@jiathis.com,Female,26,473-300-1459
809,Swen,Hubbock,shubbockmg@trellian.com,Male,34,662-664-3103
810,Berkie,Penswick,bpenswickmh@bbc.co.uk,Male,48,194-414-6371
811,Taddeo,Arrell,tarrellmi@sourceforge.net,Male,52,972-667-9805
812,Deerdre,Busson,dbussonmj@ocn.ne.jp,Female,19,518-260-6101
813,Willi,Cobon,wcobonmk@icq.com,Male,30,780-293-3503
814,Sisely,Watt,swattml@deliciousdays.com,Female,23,794-299-5074
815,Lionello,Longson,llongsonmm@nifty.com,Male,45,420-947-2011
816,Vicky,Abbs,vabbsmn@edublogs.org,Female,56,555-274-9518
817,Vern,Probetts,vprobettsmo@sciencedirect.com,Male,56,473-427-3565
818,D'arcy,Schwieso,dschwiesomp@newsvine.com,Male,47,322-999-7247
819,Raff,Calveley,rcalveleymq@wikia.com,Male,44,390-178-8218
820,Claudio,Brownsmith,cbrownsmithmr@jalbum.net,Male,55,164-919-0415
821,Vere,Hazzard,vhazzardms@csmonitor.com,Female,23,500-163-9227
822,Tull,Muckersie,tmuckersiemt@about.com,Male,46,500-949-8055
823,Hercule,Splaven,hsplavenmu@wisc.edu,Male,31,530-307-0078
824,Issy,Shwenn,ishwennmv@washingtonpost.com,Female,57,852-326-6171
825,Maggee,MacTeague,mmacteaguemw@nifty.com,Female,49,539-208-8542
826,Dorian,Westwater,dwestwatermx@hibu.com,Female,25,840-532-3526
827,Myranda,Medford,mmedfordmy@about.com,Genderfluid,33,790-851-9812
828,Margo,Lewty,mlewtymz@posterous.com,Female,51,559-206-8018
829,Dusty,Kohn,dkohnn0@yandex.ru,Female,24,953-569-8278
830,Christophe,Zottoli,czottolin1@phpbb.com,Male,46,418-379-1492
831,Jerrie,Wilfling,jwilflingn2@flickr.com,Genderqueer,51,563-194-2796
832,Esme,Cabrera,ecabreran3@homestead.com,Female,49,174-808-0739
833,Kellia,Gilstoun,kgilstounn4@kickstarter.com,Female,45,150-936-9575
834,Marjorie,Costard,mcostardn5@furl.net,Female,45,508-267-7016
835,Benjamin,Milch,bmilchn6@rediff.com,Male,20,603-456-5406
836,Terrye,Haddick,thaddickn7@dyndns.org,Female,27,860-254-8232
837,Myles,Deehan,mdeehann8@google.es,Male,52,531-223-5469
838,Gris,McBratney,gmcbratneyn9@mozilla.com,Male,44,833-965-8374
839,Robyn,Woolner,rwoolnerna@storify.com,Genderfluid,47,388-949-3015
840,Conrado,Staves,cstavesnb@dion.ne.jp,Male,43,620-761-6031
841,Teresina,Corkell,tcorkellnc@timesonline.co.uk,Female,19,562-492-8938
842,Rustie,Carruth,rcarruthnd@com.com,Male,40,649-848-2220
843,Sybille,Eustes,seustesne@facebook.com,Female,20,643-250-9745
844,Chrissy,Tison,ctisonnf@a8.net,Female,34,606-723-8046
845,Tim,Phin,tphinng@independent.co.uk,Male,48,231-660-3995
846,Romona,Ickovici,rickovicinh@google.ru,Female,56,385-789-0231
847,Clarabelle,Mattiacci,cmattiaccini@google.com.au,Genderqueer,38,463-315-0413
848,Tremaine,Lammenga,tlammenganj@thetimes.co.uk,Male,28,924-139-5658
849,Nana,Fardon,nfardonnk@zimbio.com,Non-binary,27,159-565-6015
850,Kathleen,Kingstne,kkingstnenl@ucla.edu,Female,38,111-450-4859
851,Edgar,de Mendoza,edemendozanm@goodreads.com,Male,29,164-361-6750
852,Henrie,Presslie,hpresslienn@army.mil,Female,51,814-883-9560
853,Hew,Ingall,hingallno@newyorker.com,Male,38,153-363-9885
854,Gare,Suddock,gsuddocknp@amazonaws.com,Male,22,534-924-3191
855,Rodie,Probbing,rprobbingnq@pinterest.com,Female,43,197-943-2321
856,Graehme,Devigne,gdevignenr@domainmarket.com,Male,33,852-988-0572
857,Dyann,Froom,dfroomns@yellowbook.com,Female,54,802-626-9104
858,Christina,Valder,cvaldernt@miibeian.gov.cn,Female,37,618-283-9877
859,Oswell,Tungate,otungatenu@over-blog.com,Male,39,257-760-3177
860,Chantal,Cashell,ccashellnv@tripadvisor.com,Female,44,814-437-0424
861,Marsh,O'Lyhane,molyhanenw@mtv.com,Male,41,289-531-5721
862,Giana,Gartrell,ggartrellnx@dedecms.com,Female,48,787-466-7831
863,Darnell,Hawtrey,dhawtreyny@tumblr.com,Male,50,892-866-9575
864,Dilly,Betke,dbetkenz@google.com.au,Male,20,666-417-4588
865,Erhart,Seys,eseyso0@stumbleupon.com,Bigender,58,805-925-8253
866,Lamond,Clow,lclowo1@unblog.fr,Bigender,29,934-726-5433
867,Gilberto,Kidds,gkiddso2@about.me,Male,38,552-603-1324
868,Sebastien,Kalker,skalkero3@google.cn,Male,23,270-696-0449
869,Rad,Nortunen,rnortuneno4@imageshack.us,Male,51,231-462-3663
870,Zach,Cuschieri,zcuschierio5@admin.ch,Male,43,883-208-8256
871,Halsy,Scarratt,hscarratto6@google.cn,Male,28,452-920-1872
872,Jana,Bruntjen,jbruntjeno7@purevolume.com,Female,37,688-404-0892
873,Elijah,Riddick,eriddicko8@google.nl,Male,50,528-379-4576
874,Rickert,Chace,rchaceo9@vkontakte.ru,Genderfluid,29,410-291-9090
875,Julissa,Wyndham,jwyndhamoa@myspace.com,Female,33,820-726-8494
876,Renado,Skidmore,rskidmoreob@sina.com.cn,Male,47,888-691-7262
877,Abbey,Renad,arenadoc@wikispaces.com,Female,34,470-399-6095
878,Lark,Atwool,latwoolod@altervista.org,Polygender,31,318-297-3288
879,Phil,Gammons,pgammonsoe@storify.com,Female,18,872-540-9867
880,Maxine,Lutas,mlutasof@cargocollective.com,Genderfluid,49,968-519-3953
881,Arni,Duckhouse,aduckhouseog@dyndns.org,Male,23,574-351-1051
882,Ignazio,Tathacott,itathacottoh@angelfire.com,Male,22,963-200-1804
883,Kriste,Yushachkov,kyushachkovoi@ft.com,Female,33,569-202-6466
884,Oneida,Magenny,omagennyoj@wiley.com,Non-binary,23,702-660-7124
885,Madelyn,Pisculli,mpisculliok@google.com.br,Genderfluid,38,476-362-5574
886,Isabella,Jordon,ijordonol@bbb.org,Female,36,516-598-1941
887,Minnnie,Matthewson,mmatthewsonom@oaic.gov.au,Female,54,929-982-8958
888,Liuka,Lakey,llakeyon@china.com.cn,Female,38,774-631-0159
889,Olia,Leaney,oleaneyoo@economist.com,Female,47,734-953-8648
890,Mary,Dickerline,mdickerlineop@webeden.co.uk,Female,56,912-688-8049
891,Wendall,Kesley,wkesleyoq@wordpress.org,Male,29,662-975-3815
892,Fanchette,Fiddler,ffiddleror@amazon.de,Female,40,907-398-9110
893,Ronda,Skeldon,rskeldonos@exblog.jp,Female,23,721-301-4958
894,Reuven,Bearham,rbearhamot@nih.gov,Male,39,199-428-0116
895,Jeremiah,McKall,jmckallou@wisc.edu,Male,46,466-970-3373
896,Tremayne,Ferebee,tferebeeov@sogou.com,Non-binary,41,396-268-6880
897,Archibold,Maciocia,amaciociaow@oakley.com,Male,38,505-550-1375
898,Nataniel,Josephson,njosephsonox@paypal.com,Male,33,497-992-0557
899,Sonia,Wodham,swodhamoy@csmonitor.com,Female,37,259-450-4255
900,Markos,Piscot,mpiscotoz@nba.com,Male,31,732-959-9351
901,Darrelle,Wilse,dwilsep0@pcworld.com,Female,35,189-345-6373
902,Jeanette,Valentim,jvalentimp1@shareasale.com,Female,28,303-555-2855
903,Jelene,Antoniak,jantoniakp2@mayoclinic.com,Female,28,828-369-6813
904,Frazer,Matyugin,fmatyuginp3@cnn.com,Male,48,789-378-2340
905,Elonore,Kehir,ekehirp4@acquirethisname.com,Female,29,211-519-3253
906,Rossy,Carruthers,rcarruthersp5@dell.com,Male,26,882-644-1769
907,Catlin,Gidman,cgidmanp6@odnoklassniki.ru,Female,50,480-413-7763
908,Marmaduke,Sand,msandp7@elpais.com,Male,43,439-300-3625
909,Alisa,Roloff,aroloffp8@123-reg.co.uk,Female,29,848-858-9147
910,Orren,Haine,ohainep9@abc.net.au,Male,58,344-697-2809
911,Barret,Bugge,bbuggepa@yelp.com,Male,26,617-852-3472
912,Allis,Chattoe,achattoepb@hatena.ne.jp,Agender,29,367-271-6747
913,Caryl,O'Dunniom,codunniompc@wordpress.com,Female,43,356-840-9532
914,Alvin,Tudball,atudballpd@hhs.gov,Agender,24,922-393-1023
915,Gabriele,Dornan,gdornanpe@pcworld.com,Male,55,631-824-7212
916,Tonnie,Beel,tbeelpf@mysql.com,Male,31,823-107-9451
917,Lesly,Butt,lbuttpg@plala.or.jp,Female,20,315-569-5449
918,Mill,Goretti,mgorettiph@google.com,Genderqueer,24,496-605-6930
919,Millie,Verlinden,mverlindenpi@boston.com,Female,49,649-153-9149
920,Rhianna,Malafe,rmalafepj@zimbio.com,Female,23,252-433-2442
921,Ronald,Ferryman,rferrymanpk@pen.io,Male,41,234-555-7607
922,Hilario,Hanton,hhantonpl@mayoclinic.com,Male,38,708-681-3034
923,Hillier,Mateiko,hmateikopm@theglobeandmail.com,Male,54,563-662-5172
924,Henrik,Brabyn,hbrabynpn@slashdot.org,Male,23,606-435-8193
925,Halsey,Heggman,hheggmanpo@thetimes.co.uk,Male,29,117-577-1686
926,Khalil,Barby,kbarbypp@slideshare.net,Male,57,888-144-7064
927,Sigmund,Lukasik,slukasikpq@t.co,Genderqueer,41,738-639-8877
928,Aldric,Scurlock,ascurlockpr@epa.gov,Male,23,670-433-1494
929,Cody,Bridgewood,cbridgewoodps@washington.edu,Female,28,878-409-2128
930,Odelinda,Criple,ocriplept@utexas.edu,Female,54,658-637-3425
931,Lowrance,Malamore,lmalamorepu@latimes.com,Male,41,545-386-5749
932,Orbadiah,Learmouth,olearmouthpv@newsvine.com,Male,45,705-683-8990
933,Annalee,Frankcom,afrankcompw@prnewswire.com,Female,43,252-695-0160
934,Benoit,Bennie,bbenniepx@huffingtonpost.com,Male,46,339-585-3383
935,Vicki,Domingues,vdominguespy@microsoft.com,Female,37,948-924-6647
936,Shelley,Oldershaw,soldershawpz@gov.uk,Non-binary,45,473-666-1922
937,Donnie,Tilmouth,dtilmouthq0@hostgator.com,Male,43,118-165-8034
938,Ingrim,MacColl,imaccollq1@reverbnation.com,Bigender,29,561-821-1990
939,Gwyneth,Gartland,ggartlandq2@phoca.cz,Female,39,889-804-6976
940,Sigmund,Ghiroldi,sghiroldiq3@netlog.com,Male,50,624-439-6547
941,Orelee,Easter,oeasterq4@prnewswire.com,Genderqueer,43,977-132-4657
942,Kendell,Drawmer,kdrawmerq5@moonfruit.com,Male,47,404-230-7291
943,Birgit,Chastey,bchasteyq6@istockphoto.com,Female,47,312-413-7326
944,Rozalie,Kennington,rkenningtonq7@goo.ne.jp,Female,49,774-469-2236
945,Fredra,Sorbey,fsorbeyq8@joomla.org,Female,42,828-913-4600
946,Catie,Burdekin,cburdekinq9@fotki.com,Female,51,897-286-7838
947,Edlin,Rubinek,erubinekqa@github.com,Male,36,599-455-0866
948,Francois,Kellet,fkelletqb@parallels.com,Male,41,990-265-3219
949,Dewitt,Swains,dswainsqc@purevolume.com,Bigender,30,148-943-5453
950,Carrie,Mungan,cmunganqd@newsvine.com,Female,31,207-647-9382
951,Yasmeen,Rolfe,yrolfeqe@is.gd,Female,22,585-604-7059
952,Barrie,Dayborne,bdayborneqf@noaa.gov,Genderfluid,34,685-452-9651
953,Adena,Dosdell,adosdellqg@omniture.com,Bigender,48,478-441-8367
954,Devon,Grigsby,dgrigsbyqh@weebly.com,Female,33,508-590-0234
955,Denise,Aviss,davissqi@printfriendly.com,Female,57,877-921-0260
956,Roxi,Ivanenko,rivanenkoqj@sciencedaily.com,Female,52,901-322-2471
957,Stefania,Farens,sfarensqk@eventbrite.com,Female,46,980-819-9632
958,Ewan,Birkmyre,ebirkmyreql@xing.com,Male,49,189-377-5691
959,Angela,MacCaffrey,amaccaffreyqm@eepurl.com,Female,35,315-657-4830
960,Angus,Berthot,aberthotqn@auda.org.au,Male,58,843-913-4561
961,Adlai,Mattiello,amattielloqo@zdnet.com,Male,57,768-458-9343
962,Nap,Tofanini,ntofaniniqp@gravatar.com,Genderfluid,19,939-646-6319
963,Grady,Van der Mark,gvandermarkqq@jugem.jp,Male,24,967-953-1304
964,Ainslee,Bish,abishqr@intel.com,Female,20,946-783-3657
965,Sheena,Vaudrey,svaudreyqs@bloomberg.com,Female,50,428-985-9183
966,Kassey,Redolfi,kredolfiqt@comcast.net,Female,56,529-869-0544
967,Dasha,Bruckman,dbruckmanqu@tinyurl.com,Female,46,647-829-9776
968,Tracy,Davidy,tdavidyqv@google.nl,Female,58,700-708-4971
969,Phineas,Le Bosse,plebosseqw@tamu.edu,Male,27,449-772-6276
970,Salomi,Roydon,sroydonqx@youtu.be,Female,54,640-620-2896
971,Rockwell,Lambrook,rlambrookqy@goodreads.com,Male,49,274-826-7341
972,Gaultiero,Lutty,gluttyqz@godaddy.com,Male,26,724-390-7225
973,Rogers,Cathcart,rcathcartr0@creativecommons.org,Male,40,281-795-0836
974,Belinda,Itzkov,bitzkovr1@howstuffworks.com,Female,18,885-441-3555
975,Edward,Newhouse,enewhouser2@tuttocitta.it,Male,46,205-996-6871
976,Dix,Wyllt,dwylltr3@wsj.com,Female,27,574-371-2867
977,Rustin,Calvie,rcalvier4@howstuffworks.com,Male,41,746-714-6003
978,Nichole,Croll,ncrollr5@discovery.com,Female,54,245-897-1022
979,Gaylord,Duff,gduffr6@altervista.org,Male,20,554-563-2547
980,Elbertine,MacRonald,emacronaldr7@elpais.com,Female,34,783-342-6481
981,Mandie,Rawlyns,mrawlynsr8@friendfeed.com,Female,24,682-578-0470
982,Ganny,Lethebridge,glethebridger9@spotify.com,Male,57,836-941-0144
983,Bogey,Connerry,bconnerryra@seesaa.net,Male,45,435-896-6791
984,Wally,Urvoy,wurvoyrb@mozilla.org,Male,33,974-885-7690
985,Gwendolen,Robins,grobinsrc@stanford.edu,Female,50,687-285-2633
986,Spense,Pascall,spascallrd@blogger.com,Genderfluid,19,799-271-9753
987,Ali,Berzin,aberzinre@theatlantic.com,Female,20,568-592-0273
988,Anjela,Pilfold,apilfoldrf@noaa.gov,Female,31,192-649-4818
989,Vite,Golby,vgolbyrg@salon.com,Agender,35,173-846-9374
990,Mohandas,Bloxland,mbloxlandrh@ow.ly,Male,29,260-873-9343
991,Gaelan,Gaskins,ggaskinsri@digg.com,Male,49,433-661-4024
992,Hasheem,Foldes,hfoldesrj@weather.com,Male,23,645-815-9118
993,Shelton,Imesen,simesenrk@networkadvertising.org,Male,55,908-271-2648
994,Raven,Coggan,rcogganrl@php.net,Female,51,504-562-2669
995,Orren,Waugh,owaughrm@dion.ne.jp,Male,27,621-567-6603
996,Sheff,Huxster,shuxsterrn@ebay.co.uk,Male,29,778-955-5056
997,Oliviero,Sailor,osailorro@hp.com,Male,52,283-582-3783
998,Ewart,Riccelli,ericcellirp@topsy.com,Male,32,170-495-8043
999,Gayle,Murfill,gmurfillrq@paypal.com,Female,33,170-642-1594
1000,Sonnie,Reolfo,sreolforr@edublogs.org,Female,40,173-451-6624
